,,trna_name,DeGeCl_start,DeGeCl_end,DeGeCl_length,Arwen_start,Arwen_end,Arwen_length,trnascan_start,trnascan_end,trnascan_length,trnascan_note
Ccas_mito,trnaT,Thr,30,98,68,29,100,71,30,99,69,
Ccas_mito,trnaL1,Leu,3071,3141,70,3070,3142,72,3071,3141,70,
Ccas_mito,trnaS1,Ser,3141,3208,67,3140,3205,65,3141,3206,65,
Ccas_mito,trnaH,His,3205,3276,71,3207,3276,69,3207,3276,69,
Ccas_mito,trnaR,Arg,4953,5012,59,4945,5012,67,4945,5012,67,
Ccas_mito,trnaG,Gly,5366,5434,68,5365,5435,70,5366,5434,68,
Ccas_mito,trnaK,Lys,7060,7132,72,7060,7131,71,7061,7130,69,
Ccas_mito,trnaD,Asp,7820,7887,67,7819,7889,70,7820,7888,68,
Ccas_mito,trnaS2,Ser,7891,7963,72,7891,7965,74,7891,7964,73,no_D_arm
Ccas_mito,trnaY,Tyr,9509,9577,68,9508,9578,70,9508,9577,69,
Ccas_mito,trnaC,Cys,9578,9643,65,9578,9644,66,9578,9644,66,
Ccas_mito,trnaN,Asn,9648,9719,71,9648,9720,72,9648,9720,72,
Ccas_mito,trnaA,Ala,9722,9791,69,9723,9794,71,9724,9792,68,
Ccas_mito,trnaW,Trp,9794,9867,73,9793,9868,75,9794,9868,74,
Ccas_mito,trnaM,Met,10908,10977,69,10907,10979,72,10908,10978,70,
Ccas_mito,trnaQ,Gln,10980,11047,67,10978,11048,70,10978,11048,70,
Ccas_mito,trnaI,Ile,11055,11139,84,11053,11126,73,11054,11125,71,
Ccas_mito,trnaL2,Leu,12130,12181,51,12105,12181,76,12108,12181,73,
Ccas_mito,trnaV,Val,13776,13844,68,13775,13845,70,13775,13845,70,
Ccas_mito,trnaF,Phe,14812,14880,68,14812,14881,69,14812,14881,69,
Ccas_mito,trnaE,Glu,16053,16116,63,16053,16121,68,16053,16121,68,
Ccas_mito,trnaP,Pro,16665,16736,71,16668,16737,69,16668,16737,69,
,,,,,,,,1550,,,,
Arwen_extra,"D-loop mtRNA-Val(gac) 55 bases, %GC = 34.5 Sequence [7840,7894] Overlap with 8: mtRNA-Asp(gtc) c[7819,7889]Overlap with 10: mtRNA-Ser(tga) [7891,7965]",,,,,,,,,,,
,,,,,,,,,,,,
trna_name,DeGeCl_Arwen_start,DeGeCl_trnascan_start,Arwen_trnascan_start,DeGeCl_Arwen_end,DeGeCl_trnascan_end,Arwen_trnascan_end,,DeGeCl_Arwen_length,DeGeCl_trnascan_length,Arwen_trnascan_length,,
Thr,1,0,-1,-2,-1,1,,-3,-1,2,,
Leu,1,0,-1,-1,0,1,,-2,0,2,,
Ser,1,0,-1,3,2,-1,,2,2,0,,
His,-2,-2,0,0,0,0,,2,2,0,,
Arg,8,8,0,0,0,0,,-8,-8,0,,
Gly,1,0,-1,-1,0,1,,-2,0,2,,
Lys,0,-1,-1,1,2,1,,1,3,2,,
Asp,1,0,-1,-2,-1,1,,-3,-1,2,,
Ser,0,0,0,-2,-1,1,,-2,-1,1,,
Tyr,1,1,0,-1,0,1,,-2,-1,1,,
Cys,0,0,0,-1,-1,0,,-1,-1,0,,
Asn,0,0,0,-1,-1,0,,-1,-1,0,,
Ala,-1,-2,-1,-3,-1,2,,-2,1,3,,
Trp,1,0,-1,-1,-1,0,,-2,-1,1,,
Met,1,0,-1,-2,-1,1,,-3,-1,2,,
Gln,2,2,0,-1,-1,0,,-3,-3,0,,
Ile,2,1,-1,13,14,1,,11,13,2,,
Leu,25,22,-3,0,0,0,,-25,-22,3,,
Val,1,1,0,-1,-1,0,,-2,-2,0,,
Phe,0,0,0,-1,-1,0,,-1,-1,0,,
Glu,0,0,0,-5,-5,0,,-5,-5,0,,
Pro,-3,-3,0,-1,-1,0,,2,2,0,,